{"train_loss": [71.83713890838624, 71.84698295593262, 73.50028802490235, 74.98842755126954, 76.68786256408691, 77.96144844055176, 79.04609931945801, 80.3777702178955, 81.20919384765625, 82.27944242858887], "train_re": [-69.41715859985352, -66.37702333831787, -66.16856923675537, -66.46492488861084, -67.15004656982421, -67.53024923706054, -67.87447445678711, -68.50599187469483, -68.74275356292725, -69.30197917175293], "train_kl": [241.99802746582031, 273.4979955749512, 244.3906192626953, 213.08757174682617, 190.7563155517578, 173.85332638549804, 159.59464501953124, 148.3972311706543, 138.51599165344237, 129.77463096618652], "number_epochs": 10, "prior": "standard", "pseudo_components": 500, "learning_rate": 0.0005, "hidden_components": 40}