{"test_loss": [202.7221221923828, 200.47979736328125, 191.05491638183594, 195.1689453125, 204.84339904785156, 195.4901123046875, 205.62921142578125, 205.57740783691406, 198.0780792236328, 190.3074188232422, 196.0677947998047, 194.93402099609375, 196.55935668945312, 198.01780700683594, 197.5835723876953, 194.9228973388672, 193.74725341796875, 205.2012939453125, 201.65097045898438, 189.01512145996094, 202.07937622070312, 208.16673278808594, 200.63648986816406, 201.8154296875, 201.04490661621094, 199.3295440673828, 191.91236877441406, 199.71263122558594, 187.60694885253906, 200.17005920410156, 198.64991760253906, 206.0797119140625, 198.4796905517578, 206.19195556640625, 199.46591186523438, 186.8016357421875, 201.84991455078125, 196.3851776123047, 197.85182189941406, 192.95787048339844, 209.4434051513672, 194.43309020996094, 195.5957489013672, 193.58663940429688, 194.8552703857422, 206.5489501953125, 205.1683349609375, 193.36358642578125, 188.82054138183594, 200.85443115234375, 205.1157684326172, 198.05517578125, 191.71136474609375, 201.74205017089844, 207.4170684814453, 204.05508422851562, 190.02630615234375, 205.93865966796875, 193.5767059326172, 193.9510955810547, 199.75502014160156, 194.40878295898438, 206.7128143310547, 198.23500061035156, 186.47271728515625, 189.5669708251953, 209.52122497558594, 210.16543579101562, 207.54434204101562, 193.55783081054688, 198.11279296875, 205.44424438476562, 205.71359252929688, 198.2382049560547, 200.5084228515625, 196.68426513671875, 192.8506622314453, 203.60716247558594, 192.72372436523438, 191.39251708984375, 195.9053955078125, 210.76055908203125, 199.72079467773438, 198.51023864746094, 202.6880340576172, 198.5509033203125, 210.2313690185547, 211.41232299804688, 198.1581573486328, 196.69943237304688, 194.7079620361328, 197.57545471191406, 200.2873077392578, 199.59066772460938, 204.14852905273438, 197.9118194580078, 190.15615844726562, 192.794921875, 199.79470825195312, 191.44549560546875], "test_re": [-74.57496643066406, -74.99241638183594, -66.1561050415039, -67.40577697753906, -76.3592758178711, -66.2422103881836, -70.79116821289062, -73.50662231445312, -69.48551940917969, -64.24397277832031, -63.14826965332031, -67.64623260498047, -63.549415588378906, -67.1596908569336, -68.67511749267578, -67.77046203613281, -66.1845474243164, -70.12063598632812, -74.60517883300781, -63.97194290161133, -69.08458709716797, -76.38967895507812, -70.37832641601562, -68.63634490966797, -67.40997314453125, -70.62606811523438, -62.85597610473633, -70.12528991699219, -60.345664978027344, -74.35635375976562, -69.85189819335938, -79.69161987304688, -64.16895294189453, -75.60696411132812, -70.8319091796875, -65.30032348632812, -71.90299224853516, -68.4631118774414, -72.16887664794922, -63.11650085449219, -77.03683471679688, -66.57328796386719, -66.55107116699219, -65.945556640625, -68.27217864990234, -73.12612915039062, -77.34280395507812, -69.68569946289062, -63.93767166137695, -68.8882064819336, -72.97209167480469, -71.85232543945312, -66.03372192382812, -69.52318572998047, -72.54168701171875, -73.9045639038086, -63.88321304321289, -71.7789077758789, -67.3973388671875, -63.74342727661133, -70.77413177490234, -66.392578125, -72.90861511230469, -67.24480438232422, -63.00761795043945, -72.4179916381836, -73.726806640625, -78.62218475341797, -76.746337890625, -66.75975036621094, -73.28120422363281, -76.00103759765625, -75.52900695800781, -69.23714447021484, -71.43569946289062, -66.3697509765625, -65.75591278076172, -74.7236557006836, -65.42898559570312, -67.20087432861328, -67.34030151367188, -76.77751159667969, -72.36614227294922, -66.82196044921875, -70.6040267944336, -70.71101379394531, -78.7294692993164, -71.75204467773438, -70.21765899658203, -69.64717864990234, -66.96641540527344, -70.20354461669922, -69.76933288574219, -68.69437408447266, -74.36048889160156, -69.34703826904297, -64.80162048339844, -64.15349578857422, -76.71498107910156, -68.58356475830078], "test_kl": [128.14715576171875, 125.48738098144531, 124.89879608154297, 127.7631607055664, 128.48410034179688, 129.2479248046875, 134.83807373046875, 132.07078552246094, 128.59255981445312, 126.0634536743164, 132.9195098876953, 127.28780364990234, 133.00994873046875, 130.85812377929688, 128.90846252441406, 127.15245056152344, 127.56268310546875, 135.08065795898438, 127.0457992553711, 125.04316711425781, 132.99481201171875, 131.77708435058594, 130.25814819335938, 133.1790771484375, 133.63491821289062, 128.7034912109375, 129.05638122558594, 129.58734130859375, 127.26129150390625, 125.81369018554688, 128.7980499267578, 126.38810729980469, 134.31076049804688, 130.58497619628906, 128.63400268554688, 121.50131225585938, 129.94692993164062, 127.92205810546875, 125.68293762207031, 129.84136962890625, 132.40655517578125, 127.85978698730469, 129.04466247558594, 127.64106750488281, 126.58307647705078, 133.4228057861328, 127.82553100585938, 123.67790985107422, 124.88287353515625, 131.9662322998047, 132.1436767578125, 126.20283508300781, 125.67766571044922, 132.2188720703125, 134.87538146972656, 130.15052795410156, 126.14309692382812, 134.15975952148438, 126.1793441772461, 130.20765686035156, 128.9808807373047, 128.0161895751953, 133.80416870117188, 130.99021911621094, 123.4651107788086, 117.14899444580078, 135.79443359375, 131.5432586669922, 130.79798889160156, 126.7980728149414, 124.83160400390625, 129.4431915283203, 130.1846160888672, 129.0010528564453, 129.07273864746094, 130.31451416015625, 127.0947494506836, 128.8834991455078, 127.29476928710938, 124.19164276123047, 128.56507873535156, 133.98304748535156, 127.35466003417969, 131.6882781982422, 132.08399963378906, 127.83985137939453, 131.50189208984375, 139.6602783203125, 127.94052124023438, 127.0522689819336, 127.74156951904297, 127.3719253540039, 130.51797485351562, 130.89630126953125, 129.78805541992188, 128.56478881835938, 125.35452270507812, 128.64141845703125, 123.0797348022461, 122.8619155883789], "number_epochs": 10, "prior": "standard", "pseudo_components": 500, "learning_rate": 0.0005, "hidden_components": 40}