{"py/object": "VAE.Logger", "config": {"dataset_name": "freyfaces", "prior": "mog", "pseudo_components": 500, "warmup": 100, "z1_size": 40, "batch_size": 100, "input_size": [1, 28, 20], "input_type": "cont", "learning_rate": 0.0005, "epochs": 1000, "pseudo_from_data": false, "device": {"py/reduce": [{"py/type": "torch.device"}, {"py/tuple": ["cpu"]}]}, "pseudo_std": 0.01, "pseudo_mean": 0.05}, "testloss": [3236.4854736328125, 3000.32958984375, 2890.9932861328125, 2819.4652099609375, 2845.2220458984375, 2808.7213134765625, 2781.5137939453125, 2813.8116455078125, 2765.9842529296875, 2741.092529296875, 2738.96044921875, 2719.32958984375, 2743.084228515625, 2740.5791015625, 2723.330810546875, 2706.5574951171875, 2745.6927490234375, 2730.1396484375, 2760.9193115234375, 2741.71240234375, 2720.695068359375, 2707.67431640625, 2715.048583984375, 2685.0875244140625, 2640.018310546875, 2649.01416015625, 2694.4703369140625, 2586.32958984375, 2589.359619140625, 2553.3853759765625, 2566.609130859375, 2538.4141845703125, 2524.361083984375, 2521.9532470703125, 2527.2838134765625, 2526.3236083984375, 2494.8568115234375, 2483.3187255859375, 2461.9139404296875, 2445.2777099609375, 2458.1138916015625, 2442.24658203125, 2470.7725830078125, 2390.4117431640625, 2394.458740234375, 2378.8846435546875, 2384.3248291015625, 2339.119384765625, 2356.236328125, 2359.9188232421875, 2354.5682373046875, 2313.27490234375, 2332.7679443359375, 2295.4232177734375, 2308.979248046875, 2287.6494140625, 2308.216552734375, 2252.690673828125, 2265.7484130859375, 2258.296142578125, 2234.2952880859375, 2244.51953125, 2275.71435546875, 2227.2410888671875, 2224.820556640625, 2279.70751953125, 2223.7930908203125, 2192.6026611328125, 2269.4591064453125, 2227.322021484375, 2192.1668701171875, 2153.3568115234375, 2186.5789794921875, 2190.778564453125, 2182.2757568359375, 2154.8883056640625, 2162.9337158203125, 2142.5753173828125, 2171.98828125, 2186.442138671875, 2142.1844482421875, 2109.7454833984375, 2114.7794189453125, 2126.23681640625, 2117.056640625, 2110.090087890625, 2106.7199096679688, 2083.1202392578125, 2056.5391235351562, 2065.2888793945312, 2073.8699951171875, 2054.63623046875, 2037.7615966796875, 2083.8391723632812, 2046.7448120117188, 2067.0758666992188, 2049.4810180664062, 2062.8052978515625, 2068.3663330078125, 2038.0806884765625, 2014.0154418945312, 2055.8895263671875, 2021.9890747070312, 2040.868896484375, 2003.5076904296875, 2009.5352783203125, 2015.652587890625, 1993.9358520507812, 1969.8851928710938, 1985.728271484375, 2000.0944213867188, 2005.6408081054688, 2018.238037109375, 2013.5045166015625, 1982.5413208007812, 1944.879150390625, 1962.697021484375, 1981.2747192382812, 1991.9375, 1939.4014892578125, 1944.27685546875, 1954.1242065429688, 1975.018798828125, 1959.1705322265625, 1937.3016967773438, 1963.4644165039062, 1955.1942138671875, 1964.6497192382812, 1943.443115234375, 1943.0528564453125], "testre": [-3252.890380859375, -3010.6309814453125, -2890.16259765625, -2811.5994873046875, -2832.099365234375, -2791.061279296875, -2765.609130859375, -2795.5552978515625, -2752.2239990234375, -2724.92333984375, -2719.2611083984375, -2702.4136962890625, -2723.0506591796875, -2716.910888671875, -2704.0418701171875, -2692.5537109375, -2725.5465087890625, -2711.1536865234375, -2750.046142578125, -2732.2528076171875, -2708.9530029296875, -2698.495361328125, -2708.1600341796875, -2679.491455078125, -2637.0198974609375, -2645.3011474609375, -2691.1416015625, -2580.5325927734375, -2587.00390625, -2548.7911376953125, -2565.2733154296875, -2537.1695556640625, -2520.76171875, -2513.34814453125, -2518.8489990234375, -2527.830810546875, -2486.76513671875, -2480.19580078125, -2465.3070068359375, -2444.21240234375, -2453.3489990234375, -2442.0338134765625, -2476.986328125, -2392.4761962890625, -2389.246337890625, -2371.3243408203125, -2393.137451171875, -2342.680419921875, -2365.2701416015625, -2366.2015380859375, -2358.5318603515625, -2328.5599365234375, -2339.470703125, -2302.97119140625, -2315.1639404296875, -2298.3232421875, -2326.9822998046875, -2264.874267578125, -2275.0557861328125, -2266.007568359375, -2239.130615234375, -2253.4932861328125, -2286.707763671875, -2242.20166015625, -2238.8643798828125, -2298.9371337890625, -2240.152587890625, -2204.780029296875, -2280.12451171875, -2240.317138671875, -2217.5191650390625, -2171.1495361328125, -2205.3724365234375, -2209.2484130859375, -2201.66064453125, -2176.4930419921875, -2178.2623291015625, -2157.829833984375, -2194.4190673828125, -2212.234130859375, -2163.86767578125, -2139.5794677734375, -2142.189208984375, -2149.683349609375, -2144.9345703125, -2132.4202880859375, -2131.1070556640625, -2098.235595703125, -2087.658447265625, -2094.294921875, -2100.665283203125, -2088.262451171875, -2069.0172119140625, -2111.1868896484375, -2074.27099609375, -2097.23095703125, -2084.6055908203125, -2096.103515625, -2102.139892578125, -2070.8260498046875, -2044.5396118164062, -2092.9505615234375, -2052.09033203125, -2075.302001953125, -2046.358642578125, -2046.3060913085938, -2051.4549560546875, -2036.80517578125, -2003.555419921875, -2025.6046752929688, -2027.0481567382812, -2041.0097045898438, -2055.659423828125, -2051.5975341796875, -2020.3375244140625, -1984.9977416992188, -2000.2384643554688, -2026.5477905273438, -2035.8546752929688, -1983.811279296875, -1980.9038696289062, -1993.9546508789062, -2013.9802856445312, -2000.162353515625, -1979.3350219726562, -2005.9244995117188, -1991.4393310546875, -2004.5900268554688, -1973.7682495117188, -1988.300537109375],