{"model_name": "static_mnist_mog_lossvalues_test.json", "test_loss": [93.18412780761719, 95.95421600341797, 86.81382751464844, 87.28609466552734, 96.07103729248047, 89.63583374023438, 84.3510971069336, 84.59113311767578, 88.65202331542969, 100.6514663696289, 91.26129913330078, 82.62964630126953, 92.2836685180664, 91.2077865600586, 83.81311798095703, 97.46520233154297, 89.53010559082031, 96.9150619506836, 94.04110717773438, 98.13096618652344, 95.28193664550781, 93.78295135498047, 86.71156311035156, 89.78704071044922, 91.99398803710938, 97.03984069824219, 90.80593872070312, 92.24833679199219, 93.16895294189453, 93.82177734375, 88.75568389892578, 93.50348663330078, 87.3490982055664, 95.26946258544922, 96.4788589477539, 95.63833618164062, 86.8230972290039, 100.0474624633789, 79.08936309814453, 99.2264633178711, 92.53093719482422, 88.29041290283203, 104.82222747802734, 92.6985855102539, 103.4375991821289, 93.90945434570312, 75.38970947265625, 78.56805419921875, 100.3824691772461, 94.21319580078125, 88.57844543457031, 95.29959106445312, 93.2691421508789, 82.70074462890625, 88.19932556152344, 85.82827758789062, 89.25415802001953, 90.76570129394531, 98.57878112792969, 95.0667495727539, 83.8821792602539, 106.96614074707031, 102.05049896240234, 100.90521240234375, 91.754150390625, 88.96394348144531, 93.30166625976562, 93.19017791748047, 89.18042755126953, 97.0219955444336, 91.9402847290039, 95.52649688720703, 80.2471694946289, 88.82621002197266, 91.42662048339844, 87.10581970214844, 91.38217163085938, 89.08534240722656, 91.25236511230469, 83.5759506225586, 91.35230255126953, 87.3254165649414, 102.32467651367188, 90.28093719482422, 95.68963623046875, 92.33911895751953, 97.67810821533203, 91.20793914794922, 86.91641235351562, 92.7535629272461, 97.67002868652344, 96.025634765625, 96.28579711914062, 97.41494750976562, 92.99353790283203, 87.8758316040039, 92.37471008300781, 96.708251953125, 92.65541076660156, 94.82460021972656], "test_re": [-56.8121452331543, -60.96112823486328, -58.273128509521484, -56.195030212402344, -58.54023742675781, -58.861202239990234, -54.65267562866211, -54.34096145629883, -55.531341552734375, -60.35514831542969, -57.00115203857422, -55.56483459472656, -59.25096130371094, -56.65007781982422, -57.392818450927734, -56.82621765136719, -61.59261703491211, -59.93701171875, -57.00758743286133, -57.32512664794922, -55.949317932128906, -57.59725570678711, -55.43275833129883, -57.61101150512695, -59.504783630371094, -57.395477294921875, -56.05781555175781, -56.847618103027344, -61.1926155090332, -60.28801345825195, -58.30252456665039, -57.19815444946289, -61.334415435791016, -58.295501708984375, -59.748573303222656, -55.861080169677734, -54.07917404174805, -58.09458541870117, -60.449649810791016, -58.436954498291016, -57.64969253540039, -56.647483825683594, -59.382938385009766, -59.43427658081055, -58.23627853393555, -61.81300735473633, -53.859535217285156, -54.6353645324707, -60.661399841308594, -57.28691864013672, -58.60951614379883, -57.27973556518555, -57.14373016357422, -58.97051239013672, -56.92216491699219, -51.694732666015625, -55.43809127807617, -59.164493560791016, -59.5661735534668, -59.591670989990234, -57.62314987182617, -63.356048583984375, -58.66498565673828, -61.094093322753906, -56.79279708862305, -55.81003952026367, -56.431251525878906, -57.981781005859375, -56.21135330200195, -60.75960922241211, -58.751094818115234, -59.779136657714844, -57.73463821411133, -53.608116149902344, -59.883121490478516, -53.74452209472656, -58.68547821044922, -55.26380920410156, -56.816593170166016, -54.118045806884766, -57.92430114746094, -60.040775299072266, -58.24116516113281, -60.81820297241211, -57.608985900878906, -56.34041976928711, -61.814353942871094, -56.53515625, -55.41790008544922, -60.785919189453125, -55.727500915527344, -56.045867919921875, -59.49127960205078, -59.340267181396484, -55.235660552978516, -53.85616683959961, -55.571224212646484, -57.73701095581055, -62.654903411865234, -62.818328857421875], "test_kl": [36.371978759765625, 34.99308776855469, 28.54070281982422, 31.0910701751709, 37.530792236328125, 30.774621963500977, 29.698413848876953, 30.250164031982422, 33.12067794799805, 40.29630661010742, 34.2601432800293, 27.064828872680664, 33.032711029052734, 34.557701110839844, 26.420303344726562, 40.63899230957031, 27.937488555908203, 36.97804641723633, 37.03352355957031, 40.805843353271484, 39.332618713378906, 36.185707092285156, 31.278799057006836, 32.176025390625, 32.489192962646484, 39.644371032714844, 34.74811553955078, 35.400726318359375, 31.976337432861328, 33.533748626708984, 30.45315933227539, 36.30532455444336, 26.014686584472656, 36.973960876464844, 36.730289459228516, 39.777244567871094, 32.74392318725586, 41.952877044677734, 18.63971519470215, 40.789512634277344, 34.881248474121094, 31.642925262451172, 45.43928146362305, 33.264312744140625, 45.201316833496094, 32.096439361572266, 21.530170440673828, 23.932689666748047, 39.7210807800293, 36.92627716064453, 29.96893310546875, 38.01985168457031, 36.12541198730469, 23.730224609375, 31.27716636657715, 34.133544921875, 33.816070556640625, 31.601215362548828, 39.01261520385742, 35.47508239746094, 26.259023666381836, 43.61009216308594, 43.38551330566406, 39.81113052368164, 34.96134948730469, 33.153907775878906, 36.87042236328125, 35.20840072631836, 32.96908187866211, 36.262386322021484, 33.189186096191406, 35.74736785888672, 22.512521743774414, 35.21810531616211, 31.543502807617188, 33.36129379272461, 32.69668960571289, 33.821537017822266, 34.435768127441406, 29.457901000976562, 33.428009033203125, 27.284645080566406, 44.0835075378418, 29.462736129760742, 38.08064651489258, 35.99870300292969, 35.863739013671875, 34.67278289794922, 31.498516082763672, 31.967653274536133, 41.94253921508789, 39.979766845703125, 36.794517517089844, 38.07468032836914, 37.75788497924805, 34.01966094970703, 36.80347442626953, 38.971229553222656, 30.000507354736328, 32.006263732910156], "number_epochs": 5, "prior": "mog", "pseudo_components": 500, "learning_rate": 0.0005, "hidden_components": 40}