{"model_name": "static_mnist_mog__lossvalues_test.json", "test_loss": [10.929522514343262, 6.26388692855835, 11.26661491394043, 12.206490516662598, 14.769465446472168, 6.470090866088867, 13.849802017211914, 7.295784950256348, 0.21113251149654388, 11.083121299743652, 9.496594429016113, 1.092368721961975, 10.073490142822266, 10.326638221740723, 10.866569519042969, 17.503883361816406, 5.106844902038574, 12.127069473266602, 5.96566915512085, -0.26574692130088806, 6.4166364669799805, 9.976375579833984, 3.173618793487549, 8.66592788696289, 7.07827615737915, 15.021820068359375, 7.150382041931152, 12.588610649108887, 18.921777725219727, 11.404928207397461, 5.813557147979736, 7.442195415496826, 9.529858589172363, 9.696682929992676, 11.262943267822266, -2.6944429874420166, 3.3278024196624756, 4.702540397644043, -11.153371810913086, 12.124863624572754, 4.6565399169921875, 10.438426971435547, 18.64642906188965, 7.462753772735596, 12.62905502319336, 8.876023292541504, 13.513511657714844, 7.042140960693359, 8.206955909729004, 6.488356113433838, 10.14274787902832, 11.128487586975098, 2.2333312034606934, 15.222397804260254, 9.186200141906738, 2.909898042678833, -0.3712770342826843, 10.776946067810059, 15.663931846618652, 14.869121551513672, 13.231545448303223, 2.1793079376220703, 14.891855239868164, 3.6526033878326416, 0.5994425415992737, 1.2217838764190674, 13.113430976867676, 1.6693838834762573, 2.59423828125, 11.763062477111816, 19.111387252807617, 7.6679487228393555, 13.832108497619629, 14.578954696655273, 15.184004783630371, 1.232406497001648, 7.25472354888916, 6.80496072769165, 16.233842849731445, 6.912926197052002, 13.34330940246582, 8.88585090637207, 9.946949005126953, 8.667520523071289, 0.5362778306007385, 4.060063362121582, 5.395622730255127, 2.812753915786743, 2.6543338298797607, -5.760629177093506, 6.976846218109131, 0.9000346660614014, 10.62911605834961, 3.1585309505462646, 3.4024102687835693, 4.444560527801514, -0.8581578135490417, 2.75529146194458, 1.7783057689666748, 4.981573104858398], "test_re": [-63.499794006347656, -65.36090087890625, -66.08840942382812, -65.9074478149414, -70.13615417480469, -63.573974609375, -66.88717651367188, -61.459007263183594, -66.34400177001953, -67.96541595458984, -66.77436828613281, -59.639259338378906, -60.49591827392578, -63.887386322021484, -63.4112548828125, -66.99581909179688, -62.43263626098633, -68.93946075439453, -61.73127746582031, -63.12681579589844, -68.03118896484375, -65.49714660644531, -65.2961196899414, -70.69945526123047, -62.24297332763672, -62.01426696777344, -64.29711151123047, -71.73544311523438, -67.55766296386719, -72.32532501220703, -65.62826538085938, -61.79624557495117, -67.08253479003906, -64.29104614257812, -68.53384399414062, -60.99199295043945, -63.40035629272461, -62.26482391357422, -60.3481330871582, -66.29602813720703, -60.27997970581055, -63.646183013916016, -65.45838165283203, -63.9755744934082, -65.83241271972656, -65.00157928466797, -62.77055740356445, -63.569725036621094, -66.59011840820312, -62.638038635253906, -56.991825103759766, -63.15049743652344, -61.102684020996094, -67.15674591064453, -63.915889739990234, -60.089149475097656, -58.953678131103516, -66.15601348876953, -63.834571838378906, -63.254615783691406, -65.746337890625, -58.50007629394531, -67.73261260986328, -62.60980987548828, -58.81013107299805, -64.06660461425781, -70.12464904785156, -61.034725189208984, -60.757877349853516, -63.6644401550293, -71.9677963256836, -64.0394515991211, -66.60319519042969, -67.27803802490234, -66.23431396484375, -62.125919342041016, -64.82919311523438, -60.27390670776367, -69.43507385253906, -67.47784423828125, -65.40121459960938, -67.12521362304688, -64.6377944946289, -63.96377944946289, -56.84409713745117, -58.7149543762207, -62.2691535949707, -66.05278778076172, -63.26316452026367, -61.45658874511719, -59.23679733276367, -57.054569244384766, -68.82284545898438, -57.90265655517578, -60.954463958740234, -60.260658264160156, -64.27175903320312, -62.879844665527344, -61.710819244384766, -62.62018966674805], "test_kl": [-52.570274353027344, -59.097015380859375, -54.82179641723633, -53.700950622558594, -55.3666877746582, -57.1038818359375, -53.03737258911133, -54.16322326660156, -66.13287353515625, -56.882293701171875, -57.27777862548828, -58.54689407348633, -50.422420501708984, -53.560752868652344, -52.544681549072266, -49.4919319152832, -57.3257942199707, -56.81239700317383, -55.7656135559082, -63.39256286621094, -61.61455535888672, -55.52076721191406, -62.12250518798828, -62.03352355957031, -55.164695739746094, -46.9924430847168, -57.146728515625, -59.146827697753906, -48.63588333129883, -60.9203987121582, -59.81471252441406, -54.35404968261719, -57.55268096923828, -54.5943717956543, -57.270912170410156, -63.68643569946289, -60.07255554199219, -57.562286376953125, -71.50150299072266, -54.171165466308594, -55.623435974121094, -53.2077522277832, -46.811954498291016, -56.5128173828125, -53.20335388183594, -56.125572204589844, -49.257049560546875, -56.527584075927734, -58.38316345214844, -56.14967727661133, -46.849082946777344, -52.022003173828125, -58.869354248046875, -51.934356689453125, -54.72968673706055, -57.17924499511719, -59.324951171875, -55.379058837890625, -48.17063903808594, -48.3854866027832, -52.514793395996094, -56.320770263671875, -52.840763092041016, -58.95720672607422, -58.210689544677734, -62.844825744628906, -57.01121139526367, -59.36534118652344, -58.163639068603516, -51.9013786315918, -52.856414794921875, -56.37149429321289, -52.771087646484375, -52.69908142089844, -51.050315856933594, -60.89350891113281, -57.574462890625, -53.46894454956055, -53.20122528076172, -60.564918518066406, -52.05790710449219, -58.23936080932617, -54.69084167480469, -55.296260833740234, -56.30781555175781, -54.65489196777344, -56.873531341552734, -63.24003982543945, -60.60883331298828, -67.21722412109375, -52.259952545166016, -56.154537200927734, -58.193721771240234, -54.74412536621094, -57.552059173583984, -55.816104888916016, -65.12991333007812, -60.12455749511719, -59.93251419067383, -57.63862228393555], "number_epochs": 2000, "prior": "mog", "pseudo_components": 500, "learning_rate": 0.0005, "hidden_components": 40}