{"model_name": "static_mnist_mog_lossvalues_train.json", "train_loss": [145.17981782531737, 79.61822653198242, 68.83611823272705, 64.00562091064454, 60.907220977783204], "train_re": [-144.61172468566895, -78.34387605285644, -67.34773682403565, -62.388095863342286, -59.229356101989744], "train_kl": [56.80931286472082, 63.71752509307861, 49.61271124649048, 40.43812821960449, 33.55729373550415], "number_epochs": 5, "prior": "mog", "pseudo_components": 500, "learning_rate": 0.0005, "hidden_components": 40}